Local Authority,Ward,Year ending Jun 2013,Year ending Sep 2013,Year ending Dec 2013,Year ending Jun 2017,Year ending Sep 2017,Year ending Dec 2017,PC change
Barking & Dagenham,Abbey,175155,177891,176408,260566,265572,259487,47.09
Barking & Dagenham,Alibon,170990,174547,176047,282210,284011,283397,60.98
Barking & Dagenham,Becontree,177814,185732,182547,293541,290885,291677,59.78
Barking & Dagenham,Chadwell Heath,202791,201466,200686,297348,314736,302849,50.91
Barking & Dagenham,Eastbrook,199475,200651,200652,321021,323361,326229,62.58
Barking & Dagenham,Eastbury,181880,181678,187099,328238,329125,317989,69.96
Barking & Dagenham,Gascoigne,156115,155889,164084,266223,262438,265928,62.07
Barking & Dagenham,Goresbrook,161648,164728,169732,288165,284790,286575,68.84
Barking & Dagenham,Heath,158856,163429,166662,282146,286691,292882,75.73
Barking & Dagenham,Longbridge,262274,258490,264399,421358,416854,410497,55.26
Barking & Dagenham,Mayesbrook,172500,174797,178890,301123,298948,299792,67.58
Barking & Dagenham,Parsloes,164981,171112,175905,282681,289508,290859,65.35
Barking & Dagenham,River,165137,164657,169440,282034,284874,281558,66.17
Barking & Dagenham,Thames,196796,196036,191082,278328,281183,286863,50.13
Barking & Dagenham,Valence,169983,174526,182427,298454,299438,302108,65.6
Barking & Dagenham,Village,163136,169388,174358,283968,284914,277316,59.05
Barking & Dagenham,Whalebone,190556,191564,199884,327607,330294,333734,66.96
Barnet,Brunswick Park,368672,372538,378087,554913,556246,562710,48.83
Barnet,Burnt Oak,238722,242311,243247,351875,362223,368283,51.4
Barnet,Childs Hill,990864,926849,841902,858088,864404,895496,6.37
Barnet,Colindale,271028,276759,280546,414247,419385,433174,54.4
Barnet,Coppetts,357576,373364,367779,521486,514720,494184,34.37
Barnet,East Barnet,330898,347206,351034,485840,505285,516331,47.09
Barnet,East Finchley,434311,426049,447983,611260,623183,646298,44.27
Barnet,Edgware,394906,407546,422445,571954,584680,592289,40.2
Barnet,Finchley Church End,559506,592345,625313,706222,693586,740026,18.34
Barnet,Garden Suburb,1224315,1252300,1161008,1452737,1563845,1585563,36.57
Barnet,Golders Green,530884,517032,550876,682647,716022,787262,42.91
Barnet,Hale,375720,361820,381422,596389,606412,628645,64.82
Barnet,Hendon,453370,451461,448167,666375,606654,619066,38.13
Barnet,High Barnet,465369,461482,467153,605124,608116,622836,33.33
Barnet,Mill Hill,482974,508719,546225,667529,743582,783186,43.38
Barnet,Oakleigh,433504,412950,430540,714845,738800,747874,73.71
Barnet,Totteridge,646633,664606,692541,705048,716099,714084,3.11
Barnet,Underhill,366893,364015,365674,527597,502886,500355,36.83
Barnet,West Finchley,397569,413778,438798,594279,594035,588056,34.02
Barnet,West Hendon,299137,317886,326944,515926,524048,549738,68.14
Barnet,Woodhouse,387938,398370,402844,540151,533794,535737,32.99
Bexley,Barnehurst,233174,238008,241779,331141,339505,342033,41.46
Bexley,Belvedere,162959,158254,166201,277596,286519,285322,71.67
Bexley,Blackfen & Lamorbey,255944,263184,266177,383952,384417,396492,48.96
Bexley,Blendon & Penhill,268194,267844,270731,395185,410001,417541,54.23
Bexley,Brampton,261514,261561,261280,416494,425321,429523,64.39
Bexley,Christchurch,241718,245941,253468,368784,384060,384593,51.73
Bexley,Colyers,215125,213334,212409,301404,304111,299122,40.82
Bexley,Cray Meadows,250537,247393,247866,359334,347945,355550,43.44
Bexley,Crayford,179918,185781,192863,277847,291573,298066,54.55
Bexley,Danson Park,234863,243353,252902,369487,375835,390586,54.44
Bexley,East Wickham,227006,232312,241574,377884,371702,372813,54.33
Bexley,Erith,166843,170857,177537,263845,260109,262644,47.94
Bexley,Falconwood & Welling,233949,237048,242369,356614,371298,373421,54.07
Bexley,Lesnes Abbey,213322,226337,225240,368366,372264,372850,65.53
Bexley,Longlands,278761,280315,276590,393267,380512,380926,37.72
Bexley,North End,153331,157182,165544,256605,258396,266967,61.27
Bexley,Northumberland Heath,231051,233615,235977,336222,341128,345003,46.2
Bexley,Sidcup,264139,255435,264264,402327,396776,401244,51.83
Bexley,St Mary's,317479,318185,313957,456979,464694,476333,51.72
Bexley,St Michael's,227099,232429,235796,391340,391337,391862,66.19
Bexley,Thamesmead East,140199,144805,144307,253163,252170,260982,80.85
Brent,Alperton,229975,234479,232869,376249,366799,368782,58.36
Brent,Barnhill,374874,384083,400310,522792,531982,542767,35.59
Brent,Brondesbury Park,700585,728930,751614,954275,983855,972431,29.38
Brent,Dollis Hill,316163,321621,342574,467673,466175,437788,27.79
Brent,Dudden Hill,419793,442609,446770,608035,657049,678520,51.87
Brent,Fryent,317167,313415,316225,456094,455162,448173,41.73
Brent,Harlesden,265849,281508,297216,500043,491915,479807,61.43
Brent,Kensal Green,454694,464966,500134,694767,731396,740169,47.99
Brent,Kenton,391392,395416,407822,560516,592666,611520,49.95
Brent,Kilburn,447923,454354,465836,655238,657689,671277,44.1
Brent,Mapesbury,510422,502382,510637,705147,671703,704667,38
Brent,Northwick Park,388168,392367,380438,547306,564534,634092,66.67
Brent,Preston,290311,303917,307747,433419,450567,440338,43.08
Brent,Queens Park,612872,678094,758534,1018861,1073793,1164186,53.48
Brent,Queensbury,292641,309312,319911,354768,375307,462939,44.71
Brent,Stonebridge,223044,225951,228633,425958,422738,417519,82.62
Brent,Sudbury,249541,260435,259747,356075,372063,392082,50.95
Brent,Tokyngton,261789,271873,276913,425664,433291,444800,60.63
Brent,Welsh Harp,269879,261232,278779,395638,403366,418097,49.97
Brent,Wembley Central,251313,244992,261846,388272,388620,407826,55.75
Brent,Willesden Green,336833,343478,349941,467400,466580,475676,35.93
Bromley,Bickley,452429,462887,494676,677637,699171,702184,41.95
Bromley,Biggin Hill,268405,270335,274138,364705,380298,378844,38.19
Bromley,Bromley Common & Keston,347846,357521,376087,520723,542017,533989,41.99
Bromley,Bromley Town,302601,301044,302983,427974,440874,469534,54.97
Bromley,Chelsfield & Pratts Bottom,352834,348511,360449,501715,526001,547645,51.93
Bromley,Chislehurst,466878,448036,467521,631754,651587,661097,41.4
Bromley,Clock House,280053,290146,309749,461515,464879,471885,52.34
Bromley,Copers Cope,313145,311409,323873,452184,470962,471409,45.55
Bromley,Cray Valley East,195230,200990,213967,317651,317287,324261,51.55
Bromley,Cray Valley West,232516,235796,240804,369532,367636,374436,55.49
Bromley,Crystal Palace,226937,249522,253784,389731,392123,390946,54.05
Bromley,Darwin,437280,431092,443133,559990,555059,575544,29.88
Bromley,Farnborough & Crofton,396682,426744,425562,587124,574719,574945,35.1
Bromley,Hayes & Coney Hall,396363,373460,373204,572225,559757,535412,43.46
Bromley,Kelsey & Eden Park,402277,397245,406310,561678,566205,562920,38.54
Bromley,Mottingham & Chislehurst North,278308,272578,280131,389663,390994,388928,38.84
Bromley,Orpington,281859,295191,311236,398409,398514,418930,34.6
Bromley,Penge & Cator,327440,330805,342224,480059,491080,485497,41.87
Bromley,Petts Wood & Knoll,429988,430175,436025,604651,617620,612963,40.58
Bromley,Plaistow & Sundridge,313663,313864,317211,477600,463880,449758,41.79
Bromley,Shortlands,397726,423571,434724,625390,649245,658022,51.37
Bromley,West Wickham,383327,395946,400384,532812,536165,571350,42.7
Camden,Belsize,883159,942695,975928,1212520,1264367,1211710,24.16
Camden,Bloomsbury,646995,677319,659721,841878,905842,890459,34.98
Camden,Camden Town with Primrose Hill,1111429,1093382,1098736,1444871,1484005,1463971,33.24
Camden,Cantelowes,618869,669486,628156,838347,873942,791730,26.04
Camden,Fortune Green,656356,671238,673692,809020,824255,798947,18.59
Camden,Frognal & Fitzjohns,1514688,1440569,1382061,2091525,2145087,2170118,57.02
Camden,Gospel Oak,712447,717303,746220,970495,992130,886833,18.84
Camden,Hampstead Town,1372218,1563823,1614132,2171559,2157629,1904690,18
Camden,Haverstock,568083,580650,561381,896851,1012519,1058509,88.55
Camden,Highgate,825938,869312,856392,1184205,1234564,1238296,44.59
Camden,Holborn & Covent Garden,752546,848737,890033,943793,1000745,1137344,27.79
Camden,Kentish Town,537473,598165,627309,761538,792568,809862,29.1
Camden,Kilburn,529876,511349,496118,628547,700852,672191,35.49
Camden,King's Cross,359371,382144,394261,700390,738703,908678,130.48
Camden,Regent's Park,1062376,1009948,957632,919030,1090243,1308747,36.66
Camden,St Pancras & Somers Town,398856,446847,658651,962899,955591,906139,37.57
Camden,Swiss Cottage,891187,855076,892801,1104610,1112766,1143499,28.08
Camden,West Hampstead,606764,626196,643563,821207,796373,744398,15.67
Croydon,Addiscombe,216763,217290,224951,360145,359777,364156,61.88
Croydon,Ashburton,285216,297801,301539,436613,440318,433631,43.81
Croydon,Bensham Manor,209214,214836,216687,324729,331855,341135,57.43
Croydon,Broad Green,196454,198807,206215,282499,278777,284086,37.76
Croydon,Coulsdon East,320284,325783,330231,463890,458313,453737,37.4
Croydon,Coulsdon West,386906,373193,378825,534103,537131,538969,42.27
Croydon,Croham,264577,273117,270345,401041,404567,400021,47.97
Croydon,Fairfield,224466,219175,224514,331336,365408,371737,65.57
Croydon,Fieldway,177814,179592,184041,279756,284749,296832,61.29
Croydon,Heathfield,253091,242282,253664,361120,362800,362112,42.75
Croydon,Kenley,302732,323952,333257,460314,469320,481834,44.58
Croydon,New Addington,188411,191321,198069,309696,320728,326282,64.73
Croydon,Norbury,310574,323866,342423,467532,470537,461166,34.68
Croydon,Purley,369426,354839,366861,453460,484796,505750,37.86
Croydon,Sanderstead,363264,364144,383142,549484,544326,539225,40.74
Croydon,Selhurst,181587,186553,190223,299745,311559,307785,61.8
Croydon,Selsdon & Ballards,334219,352437,355104,480189,477938,482071,35.75
Croydon,Shirley,291689,292295,296825,407272,423986,434354,46.33
Croydon,South Norwood,226441,241122,248455,347490,354801,356426,43.46
Croydon,Thornton Heath,203102,206954,219685,328904,337376,341449,55.43
Croydon,Upper Norwood,295473,300188,316889,438515,450183,450261,42.09
Croydon,Waddon,221196,228107,223826,317312,319557,327194,46.18
Croydon,West Thornton,202122,216598,216015,315417,314484,329648,52.6
Croydon,Woodside,196560,201442,211324,344016,350428,351384,66.28
Ealing,Acton Central,458363,494069,486034,644969,624040,599229,23.29
Ealing,Cleveland,436233,483192,492409,707500,739928,724509,47.14
Ealing,Dormers Wells,216404,218956,235988,338101,347183,328033,39
Ealing,Ealing Broadway,555580,542936,597056,747184,797531,797601,33.59
Ealing,Ealing Common,505559,525843,562351,749618,693765,707517,25.81
Ealing,East Acton,362891,364244,389313,504029,545898,585883,50.49
Ealing,Elthorne,347787,353932,355895,551723,556414,534589,50.21
Ealing,Greenford Broadway,228332,231329,237850,334130,331459,331989,39.58
Ealing,Greenford Green,261754,267063,271665,391887,409666,430819,58.58
Ealing,Hanger Hill,471662,466406,487137,750673,711169,689762,41.6
Ealing,Hobbayne,341788,347250,358367,531009,526883,524101,46.25
Ealing,Lady Margaret,249601,259363,262455,404123,408861,417221,58.97
Ealing,North Greenford,283654,295738,302008,387664,406021,408842,35.37
Ealing,Northfield,470382,502888,521113,684594,685053,686267,31.69
Ealing,Northolt Mandeville,234613,239073,239867,381087,378845,384240,60.19
Ealing,Northolt West End,198343,205700,213606,331409,328584,328801,53.93
Ealing,Norwood Green,319815,297963,292043,437138,454065,462232,58.28
Ealing,Perivale,275617,286104,293017,444333,438252,433590,47.97
Ealing,South Acton,438022,440664,450944,599763,608633,634462,40.7
Ealing,Southall Broadway,220548,231844,240117,321136,326661,347760,44.83
Ealing,Southall Green,200941,201876,204301,326896,356653,335314,64.13
Ealing,Southfield,706195,788508,776565,839780,848636,869001,11.9
Ealing,Walpole,525147,528134,531600,761266,785361,764379,43.79
Enfield,Bowes,294424,296031,309608,482682,480104,501749,62.06
Enfield,Bush Hill Park,304706,332728,339993,463780,465934,496814,46.12
Enfield,Chase,272837,279926,293854,432559,435888,430386,46.46
Enfield,Cockfosters,546137,477861,499310,652269,622477,628894,25.95
Enfield,Edmonton Green,189994,192646,202812,298133,296512,292513,44.23
Enfield,Enfield Highway,209247,216430,221037,322840,318887,317217,43.51
Enfield,Enfield Lock,187715,191341,197985,310317,309507,302887,52.98
Enfield,Grange,369098,366649,401499,634300,644073,642888,60.12
Enfield,Haselbury,207336,217983,217447,335274,339527,330954,52.2
Enfield,Highlands,335779,348458,336946,499980,490458,493872,46.57
Enfield,Jubilee,212152,211546,212995,320688,319720,328210,54.09
Enfield,Lower Edmonton,201234,201253,205402,329117,322880,330145,60.73
Enfield,Palmers Green,322519,328003,323250,498224,498401,503460,55.75
Enfield,Ponders End,192742,194579,198908,325367,317373,321405,61.58
Enfield,Southbury,239587,234670,238401,372448,369238,372421,56.22
Enfield,Southgate,339332,344750,351246,519562,508571,503813,43.44
Enfield,Southgate Green,420451,442526,435568,609102,637120,665845,52.87
Enfield,Town,283321,290286,301251,454471,455600,455885,51.33
Enfield,Turkey Street,217575,213601,215061,331702,333624,336012,56.24
Enfield,Upper Edmonton,214618,211253,208594,344860,350526,341618,63.77
Enfield,Winchmore Hill,388229,417695,448561,658474,650207,661025,47.37
Greenwich,Abbey Wood,179801,180478,191184,333927,339017,341509,78.63
Greenwich,Blackheath Westcombe,498376,496964,504987,726742,730860,709394,40.48
Greenwich,Charlton,320953,322878,343269,475816,485667,475003,38.38
Greenwich,Coldharbour & New Eltham,259779,264701,273146,421467,413366,414694,51.82
Greenwich,Eltham North,291451,308513,317453,492024,498493,511115,61
Greenwich,Eltham South,265874,273175,273780,383616,393530,403918,47.53
Greenwich,Eltham West,292693,295794,304015,489179,476827,421324,38.59
Greenwich,Glyndon,183292,184945,192865,307473,317564,319954,65.9
Greenwich,Greenwich West,425019,465731,464061,551520,547231,562707,21.26
Greenwich,Kidbrooke with Hornfair,254364,261877,268575,402392,406263,401320,49.43
Greenwich,Middle Park & Sutcliffe,322660,362208,354936,434427,442860,457831,28.99
Greenwich,Peninsula,372898,376792,390193,546532,546958,537101,37.65
Greenwich,Plumstead,187902,192541,203410,329527,337696,337093,65.72
Greenwich,Shooters Hill,239644,244696,257788,386182,396783,415869,61.32
Greenwich,Thamesmead Moorings,164258,160826,157435,262927,266230,271973,72.75
Greenwich,Woolwich Common,186915,209884,238181,360328,350397,377257,58.39
Greenwich,Woolwich Riverside,258892,268773,268389,383445,391993,420005,56.49
Hackney,Brownswood,378301,380539,395726,571124,498372,500394,26.45
Hackney,Cazenove,344716,330516,331843,509731,559509,606966,82.91
Hackney,Clissold,448491,469601,457004,682814,709556,716972,56.89
Hackney,Dalston,416531,427382,430660,559496,574078,638059,48.16
Hackney,De Beauvoir,441895,480604,496218,779101,755711,739289,48.98
Hackney,Hackney Central,375232,382425,412309,576409,554978,591222,43.39
Hackney,Hackney Downs,339789,358161,389972,600567,614764,623887,59.98
Hackney,Hackney Wick,356964,353530,364256,484522,498926,498234,36.78
Hackney,Haggerston,369028,371598,390949,423173,427862,431343,10.33
Hackney,Homerton,304682,327577,317176,438311,467016,481300,51.75
Hackney,Hoxton East & Shoreditch,450911,474885,479214,620153,644544,668029,39.4
Hackney,Hoxton West,500631,526149,518123,707282,700719,669489,29.21
Hackney,King's Park,374166,404063,417865,585956,586258,614002,46.94
Hackney,Lea Bridge,376191,376585,384047,628906,563641,607863,58.28
Hackney,London Fields,473835,509852,530098,731400,714253,808095,52.44
Hackney,Shacklewell,344269,371223,397163,542098,540291,538825,35.67
Hackney,Springfield,338682,334888,352303,507362,522667,499484,41.78
Hackney,Stamford Hill West,349849,340843,381266,704178,721524,642766,68.59
Hackney,Stoke Newington,504239,495323,504317,746811,762518,751628,49.04
Hackney,Victoria,413822,442532,450300,650040,691242,704479,56.45
Hackney,Woodberry Down,336187,349845,328274,621447,626234,652672,98.82
Hammersmith & Fulham,Addison,632216,666971,723670,812611,775805,815538,12.69
Hammersmith & Fulham,Askew,497318,536826,525954,635326,673841,687766,30.77
Hammersmith & Fulham,Avonmore & Brook Green,655899,659923,631983,839061,878743,860704,36.19
Hammersmith & Fulham,College Park & Old Oak,344093,370997,366182,575216,529822,562803,53.69
Hammersmith & Fulham,Fulham Broadway,641447,638354,657222,882416,936679,962783,46.49
Hammersmith & Fulham,Fulham Reach,529877,585100,600876,1000607,1024461,989981,64.76
Hammersmith & Fulham,Hammersmith Broadway,752220,743496,797514,813575,1020292,1077916,35.16
Hammersmith & Fulham,Munster,759361,760059,780929,895180,943904,1000414,28.11
Hammersmith & Fulham,North End,472981,489736,509481,686319,654563,643471,26.3
Hammersmith & Fulham,Palace Riverside,1037135,1066242,1077217,1336413,1347245,1296801,20.38
Hammersmith & Fulham,Parsons Green & Walham,1352312,1386895,1405153,1323667,1328488,1419746,1.04
Hammersmith & Fulham,Ravenscourt Park,803055,792476,795884,1040487,1018525,1066266,33.97
Hammersmith & Fulham,Sands End,751310,778881,896895,1246380,1188513,1103836,23.07
Hammersmith & Fulham,Shepherd's Bush Green,514285,523691,563008,801447,820057,743552,32.07
Hammersmith & Fulham,Town,924635,990658,1016954,1019947,1025494,1060996,4.33
Hammersmith & Fulham,Wormholt & White City,455425,475886,456556,589361,594549,611333,33.9
Haringey,Alexandra,570738,623627,676757,889348,920121,938479,38.67
Haringey,Bounds Green,298926,309478,308097,498929,516491,541520,75.76
Haringey,Bruce Grove,240356,256678,259103,461423,471468,468283,80.73
Haringey,Crouch End,621329,641425,672174,869101,904850,919354,36.77
Haringey,Fortis Green,604126,634447,662330,859034,905746,928166,40.14
Haringey,Harringay,393458,393702,409194,582569,608273,629758,53.9
Haringey,Highgate,862669,893755,956360,1241119,1102416,1052559,10.06
Haringey,Hornsey,417904,407652,400971,597340,620383,625599,56.02
Haringey,Muswell Hill,701056,728952,780726,1007339,967338,976460,25.07
Haringey,Noel Park,282084,285969,302904,465016,451440,459674,51.76
Haringey,Northumberland Park,204435,191083,198244,317106,324309,329691,66.31
Haringey,Seven Sisters,296742,302772,339723,517780,534586,559058,64.56
Haringey,St Ann's,295002,302419,312518,469670,506214,514471,64.62
Haringey,Stroud Green,428164,467839,479778,692739,696724,719608,49.99
Haringey,Tottenham Green,238018,246633,250708,420364,408168,414032,65.15
Haringey,Tottenham Hale,213962,217897,221376,385314,383299,381350,72.26
Haringey,West Green,297538,305443,306465,490302,503899,483225,57.68
Haringey,White Hart Lane,209699,211123,222028,376940,377323,399561,79.96
Haringey,Woodside,276671,287852,288812,437255,454119,450172,55.87
Harrow,Belmont,402667,411035,406919,588583,589395,596467,46.58
Harrow,Canons,412901,422563,437657,564091,567735,563974,28.86
Harrow,Edgware,293556,303952,307091,434910,438168,442998,44.26
Harrow,Greenhill,269497,268371,277532,371363,407340,428254,54.31
Harrow,Harrow on the Hill,356801,362117,347005,463552,513786,512314,47.64
Harrow,Harrow Weald,388080,364537,354674,477064,491898,502231,41.6
Harrow,Hatch End,395526,422704,442996,643252,639267,640599,44.61
Harrow,Headstone North,383479,382209,386372,555799,573441,578087,49.62
Harrow,Headstone South,254698,263480,295892,455169,470079,445901,50.7
Harrow,Kenton East,306314,300082,303052,435526,454816,455297,50.24
Harrow,Kenton West,359967,371262,375946,570543,579459,578104,53.77
Harrow,Marlborough,265683,260783,280513,401417,410771,408799,45.73
Harrow,Pinner,462308,449566,439730,690089,675413,649878,47.79
Harrow,Pinner South,461132,489930,484645,623358,647213,655448,35.24
Harrow,Queensbury,308899,320739,323220,462154,465940,458864,41.97
Harrow,Rayners Lane,338989,344566,345608,468841,447551,483779,39.98
Harrow,Roxbourne,237500,241254,239073,380929,381870,371945,55.58
Harrow,Roxeth,256076,270505,279674,410932,418545,410106,46.64
Harrow,Stanmore Park,495127,540843,593423,851164,827790,823463,38.76
Harrow,Wealdstone,251467,249336,252603,394980,405663,417739,65.37
Harrow,West Harrow,313120,312411,339332,491092,485935,483245,42.41
Havering,Brooklands,196379,195900,197870,305706,323388,328875,66.21
Havering,Cranham,334760,339293,340197,463342,485840,488628,43.63
Havering,Elm Park,214392,214835,227948,324072,332039,337320,47.98
Havering,Emerson Park,434051,468298,469175,630661,649360,699784,49.15
Havering,Gooshays,170429,179812,184946,294720,295565,302505,63.56
Havering,Hacton,261471,262075,263424,394801,406187,410811,55.95
Havering,Harold Wood,225185,245030,253197,396919,369676,364769,44.07
Havering,Havering Park,225469,223154,226645,346473,343918,344527,52.01
Havering,Heaton,187274,187558,199912,289757,290490,291441,45.79
Havering,Hylands,267703,282433,295095,396418,391964,398623,35.08
Havering,Mawneys,218943,218578,224470,343120,346283,346695,54.45
Havering,Pettits,307231,316355,307994,454808,462461,463420,50.46
Havering,Rainham & Wennington,201846,203242,210442,324397,327994,328568,56.13
Havering,Romford Town,221237,224769,221296,295282,297650,317102,43.29
Havering,South Hornchurch,203688,209120,206836,313509,315902,317988,53.74
Havering,Squirrel's Heath,275158,280449,275939,370303,393794,398374,44.37
Havering,St Andrew's,242587,234653,240172,364401,377761,381438,58.82
Havering,Upminster,373412,381098,380807,547279,539448,541322,42.15
Hillingdon,Barnhill,235464,237923,243200,342939,350631,359854,47.97
Hillingdon,Botwell,219960,229592,232706,282808,338834,340481,46.31
Hillingdon,Brunel,253851,253454,256871,373850,380444,386651,50.52
Hillingdon,Cavendish,313023,314210,323146,491837,500052,504926,56.25
Hillingdon,Charville,239499,242080,242886,381594,385656,392278,61.51
Hillingdon,Eastcote & East Ruislip,441810,437528,452930,608669,614741,609226,34.51
Hillingdon,Harefield,307170,311809,321278,451800,441430,443320,37.99
Hillingdon,Heathrow Villages,213075,219183,218739,291244,307903,312746,42.98
Hillingdon,Hillingdon East,251888,255412,267663,406953,410418,411222,53.63
Hillingdon,Ickenham,442550,446763,458645,661521,667548,665259,45.05
Hillingdon,Manor,304810,316546,328707,483296,486572,488103,48.49
Hillingdon,Northwood,506946,465672,474304,814704,835828,817647,72.39
Hillingdon,Northwood Hills,370318,365211,378180,555586,563123,559874,48.04
Hillingdon,Pinkwell,232360,235202,229477,366282,378073,382669,66.76
Hillingdon,South Ruislip,276828,284081,288538,406333,411604,412478,42.95
Hillingdon,Townfield,232367,226236,224392,340968,351097,354085,57.8
Hillingdon,Uxbridge North,337432,352127,365723,505641,500879,502716,37.46
Hillingdon,Uxbridge South,224743,227815,234346,352839,337649,335491,43.16
Hillingdon,West Drayton,254252,252721,255338,363796,360110,360111,41.03
Hillingdon,West Ruislip,391251,389297,374448,534671,515824,475922,27.1
Hillingdon,Yeading,216788,221114,224337,335745,348687,360847,60.85
Hillingdon,Yiewsley,211002,207321,208585,324724,319949,332569,59.44
Hounslow,Bedfont,206825,217355,220890,311638,320916,336301,52.25
Hounslow,Brentford,416883,409676,383713,558711,526170,539162,40.51
Hounslow,Chiswick Homefields,813571,832097,898757,1163576,1158300,1193731,32.82
Hounslow,Chiswick Riverside,687729,701071,786160,985608,973174,926836,17.89
Hounslow,Cranford,263093,255611,256354,369462,361544,368319,43.68
Hounslow,Feltham North,234225,234279,234522,346398,346948,354647,51.22
Hounslow,Feltham West,199533,204525,203863,287449,291520,294021,44.22
Hounslow,Hanworth,215768,221610,225327,335430,343667,349189,54.97
Hounslow,Hanworth Park,222294,225690,235432,315750,318929,333863,41.81
Hounslow,Heston Central,270298,266054,270699,354690,362873,363322,34.22
Hounslow,Heston East,272061,277354,279727,381180,394701,397532,42.11
Hounslow,Heston West,250802,249653,251694,343677,353680,360366,43.18
Hounslow,Hounslow Central,264528,264441,264537,270334,294706,349335,32.06
Hounslow,Hounslow Heath,239953,240933,252180,333175,329852,337155,33.7
Hounslow,Hounslow South,321037,326489,330175,464230,460370,473924,43.54
Hounslow,Hounslow West,228320,235270,236795,342799,289088,277870,17.35
Hounslow,Isleworth,335219,354483,343907,474024,523409,553954,61.08
Hounslow,Osterley & Spring Grove,404016,395273,398896,484930,456189,468993,17.57
Hounslow,Syon,338761,333369,349495,419733,430796,452280,29.41
Hounslow,Turnham Green,598770,635208,708207,977062,962045,968628,36.77
Islington,Barnsbury,708667,686640,686295,1141608,1141560,1084522,58.03
Islington,Bunhill,603626,636765,658275,799284,830008,831362,26.29
Islington,Caledonian,531498,545310,581573,743998,706103,667831,14.83
Islington,Canonbury,688226,680258,717506,808535,933713,947637,32.07
Islington,Clerkenwell,652388,673142,678430,956387,950657,906864,33.67
Islington,Finsbury Park,319315,383384,396109,547005,528414,556346,40.45
Islington,Highbury East,756326,710116,693683,898955,902032,916903,32.18
Islington,Highbury West,530840,533209,522107,675528,687716,671960,28.7
Islington,Hillrise,460125,435700,478396,631484,659437,690809,44.4
Islington,Holloway,380571,399114,420899,548419,539813,536732,27.52
Islington,Junction,420961,467193,465787,624112,637245,685157,47.1
Islington,Mildmay,438531,439984,462462,595857,651804,630553,36.35
Islington,St George's,502950,485808,514642,803022,815109,738154,43.43
Islington,St Mary's,733402,757643,840621,895793,908450,926571,10.22
Islington,St Peter's,602675,721303,731253,909285,960691,995129,36.09
Islington,Tollington,382855,394294,411335,589290,589588,600755,46.05
Kensington & Chelsea,Abingdon,1652693,1733037,1814227,2128080,2188571,2065162,13.83
Kensington & Chelsea,Brompton & Hans Town,2230597,2374819,2405105,3517995,3361464,2978280,23.83
Kensington & Chelsea,Campden,2169584,2155074,2354804,3008043,3162658,3742191,58.92
Kensington & Chelsea,Chelsea Riverside,1153152,1265384,1129394,1868627,1999031,1658850,46.88
Kensington & Chelsea,Colville,1056958,971032,968328,1696314,1644366,1777704,83.58
Kensington & Chelsea,Courtfield,1475251,1485442,1651570,2120997,2141606,1903514,15.25
Kensington & Chelsea,Dalgarno,720801,588606,598742,855460,868659,855102,42.82
Kensington & Chelsea,Earl's Court,910646,906811,934014,1096879,1081299,1026537,9.91
Kensington & Chelsea,Golborne,516742,505903,513189,860804,916218,918360,78.95
Kensington & Chelsea,Holland,1296346,1433567,1803482,1682530,1743028,1539473,-14.64
Kensington & Chelsea,Norland,2405876,2113005,2389219,2701141,2828918,2784640,16.55
Kensington & Chelsea,Notting Dale,653405,737596,788049,877425,789539,710366,-9.86
Kensington & Chelsea,Pembridge,1532110,1289078,1566863,1717335,1545077,1609416,2.72
Kensington & Chelsea,Queen's Gate,1993693,2134493,1981483,2578156,2413078,2215621,11.82
Kensington & Chelsea,Redcliffe,1298640,1342016,1357846,1593842,1622993,1730964,27.48
Kensington & Chelsea,Royal Hospital,1972001,1992538,2070232,2185701,2248061,2291740,10.7
Kensington & Chelsea,St. Helen's,1038586,1044730,1078513,1347105,1287475,1218679,13
Kensington & Chelsea,Stanley,1771208,1917067,1929177,2241835,2289928,2091278,8.4
Kingston upon Thames,Alexandra,362182,366242,374670,519256,542094,535052,42.81
Kingston upon Thames,Berrylands,366577,370344,363430,535118,545579,566265,55.81
Kingston upon Thames,Beverley,381538,385464,385144,545589,573185,570306,48.08
Kingston upon Thames,Canbury,432225,452220,453581,605625,605430,607893,34.02
Kingston upon Thames,Chessington North & Hook,270664,271535,274879,397518,409924,409528,48.99
Kingston upon Thames,Chessington South,254804,262051,269978,395191,400766,400356,48.29
Kingston upon Thames,Coombe Hill,1090291,1003382,994184,908065,892007,957672,-3.67
Kingston upon Thames,Coombe Vale,506964,489293,489708,750593,769046,788009,60.91
Kingston upon Thames,Grove,384716,375579,391868,510461,541347,550481,40.48
Kingston upon Thames,Norbiton,324695,329025,339684,468641,495612,498344,46.71
Kingston upon Thames,Old Malden,344781,364168,361230,480720,501600,501992,38.97
Kingston upon Thames,St James,405019,418454,426915,577968,590120,595134,39.4
Kingston upon Thames,St Mark's,364107,368101,374826,527750,520475,533823,42.42
Kingston upon Thames,Surbiton Hill,379815,388744,401063,554870,588786,569136,41.91
Kingston upon Thames,Tolworth & Hook Rise,295120,308687,321333,444442,454306,453993,41.28
Kingston upon Thames,Tudor,509760,556882,595777,817323,851319,792569,33.03
Lambeth,Bishop's,524537,500587,551249,581890,521529,575488,4.4
Lambeth,Brixton Hill,340213,365974,384930,557008,572329,564116,46.55
Lambeth,Clapham Common,635718,689389,755742,856165,832143,903872,19.6
Lambeth,Clapham Town,585286,580925,561206,788263,790136,747927,33.27
Lambeth,Coldharbour,339872,351000,361037,599009,581224,582503,61.34
Lambeth,Ferndale,394663,410884,426556,533811,552499,550997,29.17
Lambeth,Gipsy Hill,323605,315355,326111,475844,464909,477808,46.52
Lambeth,Herne Hill,426906,452770,468988,672250,637267,642082,36.91
Lambeth,Knight's Hill,284267,305554,313102,533692,524739,534452,70.7
Lambeth,Larkhall,394229,411817,417649,609804,617494,598916,43.4
Lambeth,Oval,520780,518990,740983,669313,665840,682009,-7.96
Lambeth,Prince's,555920,559432,554343,889436,1064334,1131576,104.13
Lambeth,St Leonard's,340835,339250,359584,495804,517102,541881,50.7
Lambeth,Stockwell,369160,374983,390181,600842,624217,648806,66.28
Lambeth,Streatham Hill,362093,360285,383533,574470,573493,561012,46.27
Lambeth,Streatham South,303421,317176,320933,502285,500073,510982,59.22
Lambeth,Streatham Wells,285313,285781,299997,458062,462383,485188,61.73
Lambeth,Thornton,489424,488500,496685,662462,659018,674672,35.83
Lambeth,Thurlow Park,413058,403794,406004,625352,616709,592288,45.88
Lambeth,Tulse Hill,332921,345651,372077,543699,562431,560046,50.52
Lambeth,Vassall,382748,396055,410273,484736,511842,479703,16.92
Lewisham,Bellingham,213953,218063,219153,354241,373243,368665,68.22
Lewisham,Blackheath,415654,424667,432362,565617,525254,559322,29.36
Lewisham,Brockley,294071,306670,320899,488121,501287,518567,61.6
Lewisham,Catford South,279590,276326,291475,473557,491863,485466,66.55
Lewisham,Crofton Park,328327,343754,361150,527547,542753,534298,47.94
Lewisham,Downham,204846,208713,218721,339208,336613,336852,54.01
Lewisham,Evelyn,276735,281860,286274,480918,488353,497521,73.79
Lewisham,Forest Hill,356761,361430,363698,507455,552648,559668,53.88
Lewisham,Grove Park,237222,248178,252943,371076,374166,369502,46.08
Lewisham,Ladywell,307030,333142,357270,517186,534598,551677,54.41
Lewisham,Lee Green,324650,330007,358971,560484,573418,565075,57.41
Lewisham,Lewisham Central,244985,250946,257112,381540,387629,412649,60.49
Lewisham,New Cross,209979,219097,222252,364682,369224,383257,72.44
Lewisham,Perry Vale,294600,299887,316882,493281,522973,528336,66.73
Lewisham,Rushey Green,236149,249335,254169,414783,429564,429652,69.04
Lewisham,Sydenham,277946,288047,295946,452570,476938,483366,63.33
Lewisham,Telegraph Hill,362459,355057,329585,519200,534108,571311,73.34
Lewisham,Whitefoot,215851,216294,220807,346641,352811,350720,58.84
Merton,Abbey,423489,440253,458429,590565,596349,572449,24.87
Merton,Cannon Hill,352215,353598,378605,527952,532358,540698,42.81
Merton,Colliers Wood,276197,283676,289654,448781,451208,461889,59.46
Merton,Cricket Green,221680,226992,214558,311148,322886,317274,47.87
Merton,Dundonald,523431,531785,524040,673977,687167,723712,38.1
Merton,Figge's Marsh,209069,213311,218790,319058,324718,329982,50.82
Merton,Graveney,286105,291954,296667,494696,489182,488902,64.8
Merton,Hillside,724069,772194,769790,1030699,1034924,942672,22.46
Merton,Lavender Fields,221324,229782,241792,354827,359925,359685,48.76
Merton,Longthornton,244392,254337,267373,392174,395717,391875,46.57
Merton,Lower Morden,269284,270815,275627,407199,418240,421527,52.93
Merton,Merton Park,468981,474636,461070,607567,632296,640867,39
Merton,Pollards Hill,220793,226712,232009,364522,354334,346969,49.55
Merton,Ravensbury,249768,268765,269610,361040,357344,350749,30.09
Merton,Raynes Park,597017,623413,601591,744952,688951,742926,23.49
Merton,St Helier,234810,240923,238451,376726,379231,391505,64.19
Merton,Trinity,473469,498341,510076,695482,695609,730400,43.19
Merton,Village,1618121,1631931,1564052,2216027,2088191,1891716,20.95
Merton,West Barnes,391994,391966,412505,499532,499670,558594,35.41
Merton,Wimbledon Park,647782,646366,681325,858825,879159,873139,28.15
Newham,Beckton,210542,211221,210958,361098,384377,388760,84.28
Newham,Boleyn,209534,211272,216220,351376,354095,360678,66.81
Newham,Canning Town North,233479,234747,229093,362837,364505,329833,43.97
Newham,Canning Town South,223281,240232,240597,395761,392974,388305,61.39
Newham,Custom House,209378,210285,214527,342423,339636,340393,58.67
Newham,East Ham Central,204407,201221,200995,338264,345860,346545,72.41
Newham,East Ham North,217389,220280,222812,364000,358463,369250,65.72
Newham,East Ham South,198352,196584,200674,316075,321955,314909,56.93
Newham,Forest Gate North,251434,249533,254192,423570,432380,441897,73.84
Newham,Forest Gate South,247109,247699,263357,424107,439573,446396,69.5
Newham,Green Street East,207647,207972,217345,356524,374338,379191,74.46
Newham,Green Street West,199578,209375,222427,403794,397549,380000,70.84
Newham,Little Ilford,188953,187722,195481,304900,304137,299370,53.15
Newham,Manor Park,211417,221872,228610,375256,375564,384236,68.07
Newham,Plaistow North,214830,217011,219319,330423,333532,332035,51.39
Newham,Plaistow South,194544,196832,205809,342300,339887,372094,80.8
Newham,Royal Docks,280591,273091,276359,531566,499325,481169,74.11
Newham,Stratford & New Town,242000,250931,247398,435729,445336,442431,78.83
Newham,Wall End,208415,205216,206169,341913,336489,340434,65.12
Newham,West Ham,225422,227135,232615,357396,363498,374408,60.96
Redbridge,Aldborough,249166,249968,244899,380312,385190,372382,52.06
Redbridge,Barkingside,315233,322960,333136,433291,446880,463287,39.07
Redbridge,Bridge,286726,292387,297544,441024,447598,461062,54.96
Redbridge,Chadwell,226571,227087,232371,330602,329676,329167,41.66
Redbridge,Church End,328141,341357,363373,496572,507522,515066,41.75
Redbridge,Clayhall,356654,353902,354692,511040,518654,516819,45.71
Redbridge,Clementswood,198280,202661,208387,307025,320280,329499,58.12
Redbridge,Cranbrook,339711,340044,354246,408422,432495,467232,31.89
Redbridge,Fairlop,285357,300435,312366,447621,442803,428969,37.33
Redbridge,Fullwell,261939,265590,272171,420813,415386,414517,52.3
Redbridge,Goodmayes,221770,225510,247412,342515,343242,365741,47.83
Redbridge,Hainault,219335,224179,225916,356434,358898,362299,60.37
Redbridge,Loxford,200672,203367,213719,312690,315929,317600,48.61
Redbridge,Mayfield,282497,279657,275470,419546,416662,407411,47.9
Redbridge,Monkhams,463394,497131,514267,608012,667326,699313,35.98
Redbridge,Newbury,262071,260214,257004,367110,385383,393263,53.02
Redbridge,Roding,319192,318246,319239,504825,501491,507500,58.97
Redbridge,Seven Kings,249619,257434,260251,372646,378572,390053,49.88
Redbridge,Snaresbrook,376653,397895,404920,515440,534733,553301,36.64
Redbridge,Valentines,271485,262417,255271,356654,361085,340917,33.55
Redbridge,Wanstead,470758,461095,460287,665407,682588,696452,51.31
Richmond upon Thames,Barnes,1085009,1294894,1327565,1400240,1426592,1438492,8.36
Richmond upon Thames,East Sheen,828239,835905,918900,1089855,1096997,1092493,18.89
Richmond upon Thames,Fulwell & Hampton Hill,516579,499314,508849,645647,629650,634892,24.77
Richmond upon Thames,"Ham, Petersham & Richmond Riverside",605053,679749,665125,1070354,1104120,1104723,66.09
Richmond upon Thames,Hampton,455766,454830,487394,671276,668903,694450,42.48
Richmond upon Thames,Hampton North,359443,342506,360008,491469,500265,502830,39.67
Richmond upon Thames,Hampton Wick,512356,534894,525240,725548,766377,756766,44.08
Richmond upon Thames,Heathfield,328524,341539,334298,484601,504443,510379,52.67
Richmond upon Thames,Kew,735343,753381,768602,865821,909081,859994,11.89
Richmond upon Thames,Mortlake & Barnes Common,706394,718634,712878,1045971,992283,1008301,41.44
Richmond upon Thames,North Richmond,585910,609846,634280,760090,753149,747331,17.82
Richmond upon Thames,South Richmond,901016,919054,868110,969405,999064,1025864,18.17
Richmond upon Thames,South Twickenham,529544,582723,571806,673968,689438,694069,21.38
Richmond upon Thames,St Margarets & North Twickenham,633234,651557,631124,810921,823248,843181,33.6
Richmond upon Thames,Teddington,559028,576028,591702,731774,749427,764414,29.19
Richmond upon Thames,Twickenham Riverside,650277,661093,681443,738557,759073,847556,24.38
Richmond upon Thames,West Twickenham,377937,397592,426766,573051,570006,569291,33.4
Richmond upon Thames,Whitton,345602,350019,354213,496447,480845,495412,39.86
Southwark,Brunswick Park,398640,407802,419553,509446,493365,496259,18.28
Southwark,Camberwell Green,290722,275323,275926,478497,484840,473174,71.49
Southwark,Cathedrals,710339,785190,837875,781410,931484,869641,3.79
Southwark,Chaucer,433733,422425,433343,607003,573751,579646,33.76
Southwark,College,420147,404523,429954,615166,608824,607900,41.39
Southwark,East Dulwich,463828,470801,487102,667874,687068,699949,43.7
Southwark,East Walworth,280651,294799,328028,537182,542797,537573,63.88
Southwark,Faraday,283582,293829,308036,509766,510374,488421,58.56
Southwark,Grange,443946,458898,453235,609090,600433,606341,33.78
Southwark,Livesey,254207,272104,283042,431354,454430,468258,65.44
Southwark,Newington,354966,366394,357652,541682,559670,571497,59.79
Southwark,Nunhead,346643,353678,369788,528395,524770,534679,44.59
Southwark,Peckham,235206,237882,244456,363409,388680,392614,60.61
Southwark,Peckham Rye,392095,398549,419885,574123,603715,604838,44.05
Southwark,Riverside,600885,620233,606309,1309438,1370324,1323508,118.29
Southwark,Rotherhithe,381689,384161,387707,514542,555525,552956,42.62
Southwark,South Bermondsey,250883,255173,251014,437949,434947,413350,64.67
Southwark,South Camberwell,402464,429530,461444,557372,556471,556903,20.69
Southwark,Surrey Docks,350964,375391,385614,547871,563641,570694,48
Southwark,The Lane,387024,395434,420580,582532,601142,586688,39.49
Southwark,Village,774343,815115,837445,1174194,1118064,1091569,30.35
Sutton,Beddington North,247543,250289,260619,369651,376468,393909,51.14
Sutton,Beddington South,323190,346282,347715,371097,367294,435682,25.3
Sutton,Belmont,322191,324539,324782,454156,466623,445930,37.3
Sutton,Carshalton Central,288062,296334,298236,429802,432694,436463,46.35
Sutton,Carshalton South & Clockhouse,370647,359388,348359,464408,489025,505269,45.04
Sutton,Cheam,536169,523556,526201,680372,699230,654095,24.31
Sutton,Nonsuch,342266,349630,347919,488420,505039,509723,46.51
Sutton,St Helier,207044,208712,209177,327415,321189,319940,52.95
Sutton,Stonecot,269545,277632,288213,416999,422382,435175,50.99
Sutton,Sutton Central,217808,222303,219371,329642,323289,328273,49.64
Sutton,Sutton North,249152,257562,258940,372710,368682,395740,52.83
Sutton,Sutton South,215164,232754,245475,348346,345249,332391,35.41
Sutton,Sutton West,267903,270191,269954,376178,373587,379233,40.48
Sutton,The Wrythe,221501,228358,232624,352736,357090,362439,55.8
Sutton,Wallington North,256901,251130,243853,350077,361688,361441,48.22
Sutton,Wallington South,268105,285600,289286,364896,390603,391887,35.47
Sutton,Wandle Valley,197393,198845,201636,317034,311887,307185,52.35
Sutton,Worcester Park,288560,285267,292787,419750,425524,421698,44.03
Tower Hamlets,Bethnal Green,310546,309483,312470,549665,538683,525946,68.32
Tower Hamlets,Blackwall & Cubitt Town,396807,397510,401396,562595,595148,582505,45.12
Tower Hamlets,Bow East,299962,308272,311602,432058,426481,434226,39.35
Tower Hamlets,Bow West,403358,425782,437680,722079,717962,710281,62.28
Tower Hamlets,Bromley North,240354,254258,262480,406939,399536,351959,34.09
Tower Hamlets,Bromley South,302900,298684,292063,400664,392328,384500,31.65
Tower Hamlets,Canary Wharf,458169,461356,476785,553306,540760,531985,11.58
Tower Hamlets,Island Gardens,344055,354226,359627,495611,489611,487029,35.43
Tower Hamlets,Lansbury,270952,272522,268370,376025,378488,385002,43.46
Tower Hamlets,Limehouse,453258,474473,502268,579248,618523,629251,25.28
Tower Hamlets,Mile End,281160,281406,281536,404781,416856,429448,52.54
Tower Hamlets,Poplar,302349,289385,288017,361906,383732,506825,75.97
Tower Hamlets,Shadwell,296586,297426,327276,446758,447824,424586,29.73
Tower Hamlets,Spitalfields & Banglatown,500631,529690,558993,706126,663383,674823,20.72
Tower Hamlets,St Dunstan's,309696,321000,324516,422052,435297,420594,29.61
Tower Hamlets,St Katharine's & Wapping,462823,491817,589921,832676,863286,873552,48.08
Tower Hamlets,St Peter's,320505,321978,329865,553376,534576,538652,63.29
Tower Hamlets,Stepney Green,298323,298197,299226,431757,473544,503758,68.35
Tower Hamlets,Weavers,425147,433306,456867,683039,690667,689096,50.83
Tower Hamlets,Whitechapel,394967,471614,484349,670012,725617,741377,53.07
Waltham Forest,Cann Hall,229713,228659,235030,447391,442708,435090,85.12
Waltham Forest,Cathall,215550,218026,227488,414741,425289,414036,82
Waltham Forest,Chapel End,243734,248984,263788,448883,462078,447639,69.7
Waltham Forest,Chingford Green,293854,306917,323399,448002,476337,490650,51.72
Waltham Forest,Endlebury,281742,298616,308385,467592,471230,463642,50.35
Waltham Forest,Forest,271897,288726,299316,469080,472769,477099,59.4
Waltham Forest,Grove Green,231468,253627,266408,444083,458502,471350,76.93
Waltham Forest,Hale End & Highams Park,287747,301172,325561,501700,504103,496428,52.48
Waltham Forest,Hatch Lane,297106,298541,311453,433222,453635,467592,50.13
Waltham Forest,High Street,246633,258050,273498,467050,487833,478386,74.91
Waltham Forest,Higham Hill,226857,231065,247757,406942,421386,423517,70.94
Waltham Forest,Hoe Street,287521,309443,317907,513236,528640,546549,71.92
Waltham Forest,Larkswood,257079,260295,274428,381197,384288,382838,39.5
Waltham Forest,Lea Bridge,215495,222075,233317,396468,407227,408588,75.12
Waltham Forest,Leyton,223106,231057,236765,422117,422025,415886,75.65
Waltham Forest,Leytonstone,293193,308056,309138,463832,491163,495183,60.18
Waltham Forest,Markhouse,244504,247331,264761,468899,461902,467279,76.49
Waltham Forest,Valley,233202,250136,258955,369344,368510,376033,45.21
Waltham Forest,William Morris,247548,259466,278297,480190,493737,509625,83.12
Waltham Forest,Wood Street,291201,309760,318194,473257,478951,512225,60.98
Wandsworth,Balham,676429,686303,663753,851739,878882,888156,33.81
Wandsworth,Bedford,513090,523291,539146,700811,739671,709798,31.65
Wandsworth,Earlsfield,446913,468988,486931,623922,616793,619168,27.16
Wandsworth,East Putney,523433,547797,573754,685801,677953,661200,15.24
Wandsworth,Fairfield,522781,545740,549687,741946,730805,739011,34.44
Wandsworth,Furzedown,332633,347196,363226,552917,545782,550938,51.68
Wandsworth,Graveney,338932,352336,378582,563139,574972,578610,52.84
Wandsworth,Latchmere,412036,420858,457747,596196,601859,638648,39.52
Wandsworth,Nightingale,609671,654804,696666,806047,830951,806976,15.83
Wandsworth,Northcote,763368,774686,812991,890605,928971,963633,18.53
Wandsworth,Queenstown,530778,561155,592343,1093921,1026268,1021487,72.45
Wandsworth,Roehampton & Putney Heath,380526,430208,440776,901202,657270,731924,66.05
Wandsworth,Shaftesbury,617062,642786,650124,903752,851795,852771,31.17
Wandsworth,Southfields,505836,513610,499108,683642,673391,673025,34.85
Wandsworth,St Mary's Park,592793,633995,683565,850535,855801,875767,28.12
Wandsworth,Thamesfield,667968,687811,677684,869562,915751,903005,33.25
Wandsworth,Tooting,354281,368981,380011,613650,581965,569395,49.84
Wandsworth,Wandsworth Common,743554,746375,775512,1053965,1091712,1043730,34.59
Wandsworth,West Hill,430806,444777,449234,574473,550203,573411,27.64
Wandsworth,West Putney,614782,661696,664867,764934,733862,689382,3.69
Westminster,Abbey Road,1471164,1614483,1630243,1810605,1923519,2186667,34.13
Westminster,Bayswater,1088274,1099597,1112945,1294191,1346291,1387714,24.69
Westminster,Bryanston & Dorset Square,1017506,1072085,1153247,1266637,1357393,1337230,15.95
Westminster,Church Street,504332,539619,519432,597727,604129,571069,9.94
Westminster,Churchill,838818,899215,966793,1129139,1079941,956888,-1.02
Westminster,Harrow Road,460134,465862,489935,588741,600849,608457,24.19
Westminster,Hyde Park,877136,945560,1008482,1396283,1384037,1500568,48.79
Westminster,Knightsbridge & Belgravia,4826720,4445967,4714470,4630831,4721014,4416659,-6.32
Westminster,Lancaster Gate,1349033,1415395,1235696,1435981,1528654,1542499,24.83
Westminster,Little Venice,1071336,1235330,1181779,1678059,1481110,1466610,24.1
Westminster,Maida Vale,720178,738625,782979,854943,923898,995992,27.21
Westminster,Marylebone High Street,1317811,1384350,1540060,1882748,1961219,2856436,85.48
Westminster,Queen's Park,473803,459981,483569,649742,645940,637345,31.8
Westminster,Regent's Park,1193488,1322778,1339382,1558224,1562488,1510021,12.74
Westminster,St James's,1280922,1352854,1373266,1925721,1826101,1995254,45.29
Westminster,Tachbrook,732263,691564,688332,924015,994741,1001737,45.53
Westminster,Vincent Square,846848,874492,876039,1921274,1702596,1353427,54.49
Westminster,Warwick,960133,1038268,1056622,1196036,1106363,987346,-6.56
Westminster,West End,2062549,2096297,2146616,2818332,3128022,3033757,41.33
Westminster,Westbourne,479140,493826,493478,885769,826390,765072,55.04
